<html>

<head>
<title>Haxe API Documentation</title>

<script type="text/javascript">
<!--
	function toggle(id) {
		var e = document.getElementById(id);
		e.isopen = !e.isopen;
		e.style.display = e.isopen?"block":"none";
		return false;
	}
-->
</script>

<style type="text/css">
body {
	text-align: center;
	font-family: Trebuchet MS, sans-serif;
	background-color : #ffffff;
}

.document {
	width : 800px;
	position : relative;
	margin : 10px auto 5px auto;
	border : solid 2px #CFD0D4;
	text-align : justify;
	background-color: #ffffff;
	color: #292929;
}

.title {
	font-size: 28px;
	font-weight: bold;
	text-align: center;
	background-color : #0067b0;
	color : white;
}

ul.entry {
	list-style-type: circle;
	font-weight : bold;
	margin-left : 20px;
}

.package_content {
	display : none;
}

a {
	color : #0067b0;
	font-weight : bold;
	text-decoration : none;
}

a:hover {
	color : #0067b0;
	text-decoration : underline;
}

a.package {
	color : #292929;
}

.index {
	margin-left : 10px;
}

.kwd {
	color: #008cd7;
}

.classname {
	font-size : 25px;
	font-weight : bold;
	margin : 20px 10px;
}

.classdoc {
	border : 1px dashed #666;
	margin-left : 20px;
	margin-right : 20px;
	padding : 5px 5px 5px 5px;
}

.importmod, .extends, .implements, .typedef, .platforms {
	margin-left: 20px;
	color : #777;
}

dd {
	margin : 0px 20px 20px 40px;
	font-size : 12pt;
	color : #444;
}

dt {
	margin-left : 20px;
	margin-bottom : 5px;
	text-align : left;
	font-size : 10pt;
	font-family: Courier New, monospace;
}

</style>

</head>

<body>

<div class="document">
<div class="title">PureMVC Framework for Haxe: API Documentation</div>

<data/>

</div>

</body>
</html>